Name,Encounter Number,Pre Admission Number,Subject (Patient),Start Date/Time,End Date/Time,Origin,Destination,Appointment (EMR)
Bryon Denman - Operative procedure on lower leg,608432728277592,910894627992,Bryon Denman,11/08/2019 08:00:00 AM,11/08/2019 12:00:00 PM,"Surgicenter of America, LP","Surgicenter of America, LP",Bryon Denman - Operative procedure on lower leg - 11/08/19
Clare Casey - Appendectomy,583554177382307,295067590709,Clare Casey,11/22/2019 08:00:00 AM,11/22/2019 12:00:00 PM,"Biltmore Surgical Partners, LLC","Biltmore Surgical Partners, LLC",Clare Casey - Appendectomy - 11/22/19
Corey Crumpton - Glaucoma Surgery,275212673049046,982871502486,Corey Crumpton,12/06/2019 08:00:00 AM,12/06/2019 12:00:00 PM,Spectra Eye Institute LLC,Spectra Eye Institute LLC,Corey Crumpton - Glaucoma Surgery - 12/06/19
Dianna Lancaster - Operative procedure on lower leg,950851756379487,885943461794,Dianna Lancaster,12/20/2019 08:00:00 AM,12/20/2019 12:00:00 PM,"Surgicenter of America, LP","Surgicenter of America, LP",Dianna Lancaster - Operative procedure on lower leg - 12/20/19
Gabrielle Beck - Cataract Surgery,531952571751285,116648517786,Gabrielle Beck,01/03/2020 08:00:00 AM,01/03/2020 12:00:00 PM,Spectra Eye Institute LLC,Spectra Eye Institute LLC,Gabrielle Beck - Cataract Surgery - 01/03/20
Kelsey Miranda - Cataract Surgery,125024066017631,656175827595,Kelsey Miranda,01/03/2020 01:00:00 PM,01/03/2020 05:00:00 PM,Spectra Eye Institute LLC,Spectra Eye Institute LLC,Kelsey Miranda - Cataract Surgery - 01/03/20
Monte Kong - Cerebral thermography,994620881090719,525863209374,Monte Kong,01/17/2020 08:00:00 AM,01/17/2020 12:00:00 PM,White Mountain Ambulatory Surgery Center,White Mountain Ambulatory Surgery Center,Monte Kong - Cerebral thermography - 01/17/20
Petra Hale - Operative procedure on lower leg,264462448995782,949975506024,Petra Hale,01/31/2020 08:00:00 AM,01/31/2020 12:00:00 PM,"Surgicenter of America, LP","Surgicenter of America, LP",Petra Hale - Operative procedure on lower leg - 01/31/20
Preston Beaudry - Appendectomy,770003848519982,825900737245,Preston Beaudry,02/14/2020 08:00:00 AM,02/14/2020 12:00:00 PM,"Biltmore Surgical Partners, LLC","Biltmore Surgical Partners, LLC",Preston Beaudry - Appendectomy - 02/14/20
Tricia Potter - Glaucoma Surgery,275144290267316,779627393031,Tricia Potter,02/28/2020 08:00:00 AM,02/28/2020 12:00:00 PM,Spectra Eye Institute LLC,Spectra Eye Institute LLC,Tricia Potter - Glaucoma Surgery - 02/28/20
Adrian King - Cerebral thermography,754325178782983,635660557739,Adrian King,03/06/2020 08:00:00 AM,03/06/2020 12:00:00 PM,White Mountain Ambulatory Surgery Center,White Mountain Ambulatory Surgery Center,Adrian King - Cerebral thermography - 03/06/20
Alex Johnson - Replacement of cochlear prosthesis,322633581077086,774740589437,Alex Johnson,03/13/2020 08:00:00 AM,03/13/2020 12:00:00 PM,Az Pain Centers of Tucson,Az Pain Centers of Tucson,Alex Johnson - Replacement of cochlear prosthesis - 03/13/20
Caleb Foster - Replacement of cochlear prosthesis,449321914346737,851736855344,Caleb Foster,03/13/2020 01:00:00 PM,03/13/2020 05:00:00 PM,Az Pain Centers of Tucson,Az Pain Centers of Tucson,Caleb Foster - Replacement of cochlear prosthesis - 03/13/20
Cameron Baker - Operative procedure on lower leg,610530153428926,241305590489,Cameron Baker,03/27/2020 08:00:00 AM,03/27/2020 12:00:00 PM,"Surgicenter of America, LP","Surgicenter of America, LP",Cameron Baker - Operative procedure on lower leg - 03/27/20
Casey Jensen - Operative procedure on lower leg,311503231117562,904854653620,Casey Jensen,03/27/2020 01:00:00 PM,03/27/2020 05:00:00 PM,"Surgicenter of America, LP","Surgicenter of America, LP",Casey Jensen - Operative procedure on lower leg - 03/27/20
Devon Torres - Appendectomy,565000011066359,701928806843,Devon Torres,04/10/2020 08:00:00 AM,04/10/2020 12:00:00 PM,"Biltmore Surgical Partners, LLC","Biltmore Surgical Partners, LLC",Devon Torres - Appendectomy - 04/10/20
Dylan Williams - Cataract Surgery,585178307891683,124971819713,Dylan Williams,04/10/2020 01:00:00 PM,04/10/2020 05:00:00 PM,Spectra Eye Institute LLC,Spectra Eye Institute LLC,Dylan Williams - Cataract Surgery - 04/10/20
Ellis Turner - Appendectomy,866940039100377,321117569512,Ellis Turner,04/10/2020 05:00:00 PM,04/10/2020 09:00:00 PM,"Biltmore Surgical Partners, LLC","Biltmore Surgical Partners, LLC",Ellis Turner - Appendectomy - 04/10/20
Gabriel Diaz - Glaucoma Surgery,269027043501871,512389288951,Gabriel Diaz,04/24/2020 08:00:00 AM,04/24/2020 12:00:00 PM,Spectra Eye Institute LLC,Spectra Eye Institute LLC,Gabriel Diaz - Glaucoma Surgery - 04/24/20
James Henderson - Cerebral thermography,980691757551239,249150517149,James Henderson,05/08/2020 08:00:00 AM,05/08/2020 12:00:00 PM,White Mountain Ambulatory Surgery Center,White Mountain Ambulatory Surgery Center,James Henderson - Cerebral thermography - 05/08/20
Graham Barnes - Replacement of cochlear prosthesis,246945091975161,367306803841,Graham Barnes,05/22/2020 08:00:00 AM,05/22/2020 12:00:00 PM,Az Pain Centers of Tucson,Az Pain Centers of Tucson,Graham Barnes - Replacement of cochlear prosthesis - 05/22/20
Hailey Clark - Replacement of cochlear prosthesis,162165840334700,920424601967,Hailey Clark,05/22/2020 01:00:00 PM,05/22/2020 05:00:00 PM,Az Pain Centers of Tucson,Az Pain Centers of Tucson,Hailey Clark - Replacement of cochlear prosthesis - 05/22/20
Hayden Cook - Operative procedure on lower leg,368881817044175,252133253019,Hayden Cook,06/05/2020 08:00:00 AM,06/05/2020 12:00:00 PM,"Surgicenter of America, LP","Surgicenter of America, LP",Hayden Cook - Operative procedure on lower leg - 06/05/20
Isabel Garcia - Cataract Surgery,599816818846030,629807263847,Isabel Garcia,06/05/2020 01:00:00 PM,06/05/2020 05:00:00 PM,Spectra Eye Institute LLC,Spectra Eye Institute LLC,Isabel Garcia - Cataract Surgery - 06/05/20
Jasmine Miller - Glaucoma Surgery,772306145126078,964105164193,Jasmine Miller,06/19/2020 08:00:00 AM,06/19/2020 12:00:00 PM,Spectra Eye Institute LLC,Spectra Eye Institute LLC,Jasmine Miller - Glaucoma Surgery - 06/19/20
Kayla Lewis - Operative procedure on lower leg,413702724146366,439911357957,Kayla Lewis,06/19/2020 01:00:00 PM,06/19/2020 05:00:00 PM,"Surgicenter of America, LP","Surgicenter of America, LP",Kayla Lewis - Operative procedure on lower leg - 06/19/20
Kerry Allen - Appendectomy,468795593452110,546524290917,Kerry Allen,06/26/2020 08:00:00 AM,06/26/2020 12:00:00 PM,"Biltmore Surgical Partners, LLC","Biltmore Surgical Partners, LLC",Kerry Allen - Appendectomy - 06/26/20
Madison Butler - Operative procedure on lower leg,835155572066304,832197814167,Madison Butler,07/03/2020 08:00:00 AM,07/03/2020 12:00:00 PM,"Surgicenter of America, LP","Surgicenter of America, LP",Madison Butler - Operative procedure on lower leg - 07/03/20
Mario Rogers - Glaucoma Surgery,822541631809563,261915440349,Mario Rogers,07/10/2020 08:00:00 AM,07/10/2020 12:00:00 PM,Spectra Eye Institute LLC,Spectra Eye Institute LLC,Mario Rogers - Glaucoma Surgery - 07/10/20
Mikaela Lee - Cataract Surgery,246613228773176,713702055284,Mikaela Lee,07/17/2020 08:00:00 AM,07/17/2020 12:00:00 PM,Spectra Eye Institute LLC,Spectra Eye Institute LLC,Mikaela Lee - Cataract Surgery - 07/17/20
Maya Robinson - Cataract Surgery,782457117073261,153921197598,Maya Robinson,07/17/2020 12:00:00 PM,07/17/2020 05:00:00 PM,Spectra Eye Institute LLC,Spectra Eye Institute LLC,Maya Robinson - Cataract Surgery - 07/17/20
Morgan Connors - Glaucoma Surgery,785025689801343,395178289330,Morgan Connors,07/24/2020 12:00:00 PM,07/24/2020 05:00:00 PM,Spectra Eye Institute LLC,Spectra Eye Institute LLC,Morgan Connors - Glaucoma Surgery - 07/24/20
Natasha Jones - Operative procedure on lower leg,443257241361219,700285781639,Natasha Jones,07/31/2020 12:00:00 PM,07/31/2020 05:00:00 PM,"Surgicenter of America, LP","Surgicenter of America, LP",Natasha Jones - Operative procedure on lower leg - 07/31/20
Monica Thompson - Cataract Surgery,149784260616004,880952018975,Monica Thompson,08/14/2020 08:00:00 AM,08/14/2020 11:00:00 AM,Spectra Eye Institute LLC,Spectra Eye Institute LLC,Monica Thompson - Cataract Surgery - 08/14/20
Nicole Wagner - Cerebral thermography,549457832665778,624781870470,Nicole Wagner,08/28/2020 01:00:00 PM,08/28/2020 04:00:00 PM,White Mountain Ambulatory Surgery Center,White Mountain Ambulatory Surgery Center,Nicole Wagner - Cerebral thermography - 08/28/20
Olivia Wilson - Operative procedure on lower leg,251439183735748,968606220358,Olivia Wilson,09/04/2020 08:00:00 AM,09/04/2020 11:00:00 AM,"Surgicenter of America, LP","Surgicenter of America, LP",Olivia Wilson - Operative procedure on lower leg - 09/04/20
Oscar Ward - Appendectomy,525545148796538,166188103691,Oscar Ward,09/17/2020 08:00:00 AM,,"Biltmore Surgical Partners, LLC","Biltmore Surgical Partners, LLC",Oscar Ward - Appendectomy - 09/17/20
Omar Bennett - Glaucoma Surgery,534699452255514,835879392786,Omar Bennett,09/18/2020 08:00:00 AM,,Spectra Eye Institute LLC,Spectra Eye Institute LLC,Omar Bennett - Glaucoma Surgery - 09/18/20
Quinn Campbell - Cerebral thermography,437830863410463,799176375179,Quinn Campbell,09/28/2020 08:00:00 AM,,White Mountain Ambulatory Surgery Center,White Mountain Ambulatory Surgery Center,Quinn Campbell - Cerebral thermography - 09/28/20
Riley Ramirez - Replacement of cochlear prosthesis,786342745524183,520226500609,Riley Ramirez,10/02/2020 12:00:00 PM,,Az Pain Centers of Tucson,Az Pain Centers of Tucson,Riley Ramirez - Replacement of cochlear prosthesis - 10/02/20
Serena Davis - Appendectomy,973586578899403,527720073412,Serena Davis,10/02/2020 12:00:00 PM,,"Biltmore Surgical Partners, LLC","Biltmore Surgical Partners, LLC",Serena Davis - Appendectomy - 10/02/20
